{"accuracy": [0.9547666907310486, 0.984416663646698, 0.989633321762085, 0.9919166564941406, 0.9937666654586792, 0.9952999949455261, 0.9954833388328552, 0.9970333576202393, 0.9972666501998901], "loss": [0.14744535088539124, 0.04859856888651848, 0.0344373919069767, 0.02585681714117527, 0.019465282559394836, 0.01503358967602253, 0.013137508183717728, 0.00951005332171917, 0.008176032453775406], "val_accuracy": [0.9771999716758728, 0.9866999983787537, 0.9897000193595886, 0.9886999726295471, 0.9878000020980835, 0.9904000163078308, 0.989799976348877, 0.9890999794006348, 0.9901000261306763], "val_loss": [0.07176028192043304, 0.038420017808675766, 0.03194085508584976, 0.03604757413268089, 0.035248178988695145, 0.03057018667459488, 0.03489282354712486, 0.03739544376730919, 0.0393076129257679]}